LLM Generated Merchant,LLM
Walmart Chicago Store 102,ChatGPT-4o
Target Atlanta Supercenter,ChatGPT-4o
Starbucks New York Store 678,ChatGPT-4o
Costco Wholesale Seattle,ChatGPT-4o
Shell Gas Station Houston,ChatGPT-4o
Kroger Grocery Cincinnati,ChatGPT-4o
Domino's Pizza San Francisco,ChatGPT-4o
Lyft Ride New York City,ChatGPT-4o
eBay Electronics USA,ChatGPT-4o
Netflix Subscription USA,ChatGPT-4o
Bank of America Boston,ChatGPT-4o
Home Depot Miami Store 210,ChatGPT-4o
Best Buy Toronto Store 324,ChatGPT-4o
7-Eleven Dallas Location 456,ChatGPT-4o
Subway Miami Store 789,ChatGPT-4o
Chevron Pump Station Denver,ChatGPT-4o
Whole Foods Boston Market,ChatGPT-4o
Burger King Florida Store 112,ChatGPT-4o
Airbnb Booking Chicago,ChatGPT-4o
Spotify Premium Service,ChatGPT-4o
Citibank New York Branch,ChatGPT-4o
Aldi Grocery Store Dallas,ChatGPT-4o
Chick-fil-A Atlanta Store 223,ChatGPT-4o
BP Fuel Station Chicago,ChatGPT-4o
eBay Fashion Canada,ChatGPT-4o
AMC Theatres Los Angeles,ChatGPT-4o
Dunkin' Donuts Boston Store 334,ChatGPT-4o
Square Payment Services,ChatGPT-4o
Uber Eats San Francisco,ChatGPT-4o
Royal Bank of Canada,ChatGPT-4o
Quiznos Houston Location,ChatGPT-4o
Safeway Grocery Vancouver,ChatGPT-4o
Panera Bread Toronto Store 112,ChatGPT-4o
Sunoco Gas Station Miami,ChatGPT-4o
Shopify Online Sales,ChatGPT-4o
Apple iTunes Store,ChatGPT-4o
JPMorgan Chase Bank,ChatGPT-4o
Peet's Coffee Seattle Store,ChatGPT-4o
Uber Ride Toronto,ChatGPT-4o
Instacart Delivery USA,ChatGPT-4o
Netflix Subscription Canada,ChatGPT-4o
Wendy's Restaurant Dallas,ChatGPT-4o
Circle K Gas Station Phoenix,ChatGPT-4o
Amazon Prime Membership,ChatGPT-4o
BMO Harris Bank Chicago,ChatGPT-4o
Nordstrom Seattle Store 560,ChatGPT-4o
Pizza Hut New York Store 789,ChatGPT-4o
Chevron Fuel Station Atlanta,ChatGPT-4o
Rite Aid Pharmacy Boston,ChatGPT-4o
DoorDash Delivery Service,ChatGPT-4o
American Express Payment,ChatGPT-4o
Tesco Grocery USA,ChatGPT-4o
KFC Kentucky Store 345,ChatGPT-4o
Marathon Gas Station Detroit,ChatGPT-4o
eBay Home Goods US,ChatGPT-4o
Regal Cinemas Florida,ChatGPT-4o
Starbucks Coffee Houston,ChatGPT-4o
PayPal Online Services,ChatGPT-4o
Uber Pool San Diego,ChatGPT-4o
HSBC Bank New York,ChatGPT-4o
Chipotle Mexican Grill Toronto,ChatGPT-4o
Publix Supermarket Florida,ChatGPT-4o
McDonald's Chicago Store 567,ChatGPT-4o
ExxonMobil Station New York,ChatGPT-4o
Walmart Online Groceries,ChatGPT-4o
Pandora Subscription USA,ChatGPT-4o
TD Canada Trust Bank,ChatGPT-4o
Krispy Kreme Charlotte Store,ChatGPT-4o
Lyft Ride Vancouver,ChatGPT-4o
Spotify Music Service,ChatGPT-4o
Bank of Montreal Toronto,ChatGPT-4o
Whole Foods New York,ChatGPT-4o
Panera Bread Boston Store 890,ChatGPT-4o
Shell Station Los Angeles,ChatGPT-4o
eBay Auto Parts USA,ChatGPT-4o
Cinemark Theatres Colorado,ChatGPT-4o
Dairy Queen Miami Store 234,ChatGPT-4o
CashApp Payment Service,ChatGPT-4o
Uber Ride Miami,ChatGPT-4o
Scotiabank Toronto Branch,ChatGPT-4o
Chili's Grill & Bar Orlando,ChatGPT-4o
Target Canada Online,ChatGPT-4o
Taco Bell Arizona Store 456,ChatGPT-4o
BP Gas Station Seattle,ChatGPT-4o
Etsy Handmade Marketplace,ChatGPT-4o
AMC Theatres Ottawa,ChatGPT-4o
Tim Hortons Calgary Store,ChatGPT-4o
Venmo Transactions,ChatGPT-4o
Lyft Ride Toronto,ChatGPT-4o
Capital One Bank USA,ChatGPT-4o
IHOP Restaurant Las Vegas,ChatGPT-4o
Loblaws Grocery Montreal,ChatGPT-4o
Papa John's Chicago Store 678,ChatGPT-4o
Chevron Station Florida,ChatGPT-4o
Amazon Electronics US,ChatGPT-4o
Landmark Cinemas Canada,ChatGPT-4o
Peet's Coffee New York,ChatGPT-4o
Stripe Payment Services,ChatGPT-4o
Uber Eats Vancouver,ChatGPT-4o
Wells Fargo Bank,ChatGPT-4o
Arby's Restaurant Boston,ChatGPT-4o
Costco Canada Membership,ChatGPT-4o
McDonald's Ottawa Store 234,ChatGPT-4o
Exxon Station Houston,ChatGPT-4o
eBay Collectibles US,ChatGPT-4o
Cineplex Cinemas Toronto,ChatGPT-4o
Dunkin' Donuts Miami Store,ChatGPT-4o
Square Online Services,ChatGPT-4o
Uber Ride Boston,ChatGPT-4o
RBC Royal Bank Canada,ChatGPT-4o
Qdoba Mexican Eats Seattle,ChatGPT-4o
Trader Joe's California,ChatGPT-4o
Subway Store Denver,ChatGPT-4o
Texaco Pump Station NYC,ChatGPT-4o
Amazon Books USA,ChatGPT-4o
Netflix Streaming Service,ChatGPT-4o
Chase Bank USA,ChatGPT-4o
Burger King Vancouver,ChatGPT-4o
Lyft Ride Los Angeles,ChatGPT-4o
Spotify Family Plan,ChatGPT-4o
CIBC Bank Canada,ChatGPT-4o
Shoppers Drug Mart Toronto,ChatGPT-4o
Chick-fil-A Texas Store,ChatGPT-4o
Sunoco Station San Francisco,ChatGPT-4o
eBay Motors USA,ChatGPT-4o
Regal Cinemas Texas,ChatGPT-4o
Starbucks Coffee Boston,ChatGPT-4o
PayPal Business Account,ChatGPT-4o
Uber Ride Chicago,ChatGPT-4o
Bank of America Canada,ChatGPT-4o
Red Lobster Orlando,ChatGPT-4o
Aldi USA Store 456,ChatGPT-4o
KFC Canada Store 789,ChatGPT-4o
Marathon Fuel Station Toronto,ChatGPT-4o
Shopify Canada Sales,ChatGPT-4o
AMC Theatres Washington,ChatGPT-4o
Tim Hortons Montreal Store,ChatGPT-4o
CashApp Business Payment,ChatGPT-4o
Uber Ride Seattle,ChatGPT-4o
National Bank of Canada,ChatGPT-4o
Olive Garden Denver,ChatGPT-4o
Safeway USA Market,ChatGPT-4o
Panera Bread Store Calgary,ChatGPT-4o
Shell Station Calgary,ChatGPT-4o
eBay Toys & Games USA,ChatGPT-4o
Cinemark Theatres Florida,ChatGPT-4o
Starbucks Coffee San Diego,ChatGPT-4o
Square Business Payments,ChatGPT-4o
Lyft Ride Dallas,ChatGPT-4o
HSBC Canada Branch,ChatGPT-4o
Panda Express Chicago,ChatGPT-4o
Tesco USA Delivery,ChatGPT-4o
Wendy's Texas Store,ChatGPT-4o
Chevron Station NYC,ChatGPT-4o
Amazon Canada Music,ChatGPT-4o
Netflix US Subscription,ChatGPT-4o
TD Bank USA,ChatGPT-4o
Krispy Kreme Toronto Store,ChatGPT-4o
Uber Ride Las Vegas,ChatGPT-4o
Spotify Student Plan,ChatGPT-4o
BMO Bank Canada,ChatGPT-4o
Lowe's Home Improvement,ChatGPT-4o
Papa John's Store Orlando,ChatGPT-4o
Texaco Gas Station Chicago,ChatGPT-4o
Amazon US Marketplace,ChatGPT-4o
Cineplex Cinemas Calgary,ChatGPT-4o
Peet's Coffee Store Boston,ChatGPT-4o
Stripe Online Payment,ChatGPT-4o
Uber Eats New York,ChatGPT-4o
Wells Fargo Canada,ChatGPT-4o
Chili's Restaurant Dallas,ChatGPT-4o
Publix USA Grocery,ChatGPT-4o
Burger King Florida Store,ChatGPT-4o
BP Station Toronto,ChatGPT-4o
eBay Sports Equipment USA,ChatGPT-4o
Landmark Cinemas Winnipeg,ChatGPT-4o
Dairy Queen Store San Diego,ChatGPT-4o
Venmo Personal Payments,ChatGPT-4o
Lyft Ride Miami,ChatGPT-4o
Royal Bank Toronto,ChatGPT-4o
IHOP Restaurant Seattle,ChatGPT-4o
Target Online Canada,ChatGPT-4o
Taco Bell Store New York,ChatGPT-4o
ExxonMobil Station Ottawa,ChatGPT-4o
Etsy Craft Marketplace,ChatGPT-4o
Regal Theatres California,ChatGPT-4o
Tim Hortons Florida Store,ChatGPT-4o
Stripe Payment USA,ChatGPT-4o
Uber Ride Vancouver,ChatGPT-4o
Capital One Canada,ChatGPT-4o
Arby's Restaurant Chicago,ChatGPT-4o
Walmart Canada Store 678,ChatGPT-4o
Subway Store Ottawa,ChatGPT-4o
Chevron Station Houston,ChatGPT-4o
Amazon Grocery US,ChatGPT-4o
Netflix Streaming Canada,ChatGPT-4o
Chase Bank International,ChatGPT-4o
Krispy Kreme USA Store,ChatGPT-4o
Lyft Ride Phoenix,ChatGPT-4o
Spotify Duo Plan,ChatGPT-4o
Bank of Montreal Canada,ChatGPT-4o
Home Depot USA Store,ChatGPT-4o
McDonald's Store Miami,ChatGPT-4o
BP Gas Station Los Angeles,ChatGPT-4o
eBay Gifts USA,ChatGPT-4o
Cineplex Toronto Theatres,ChatGPT-4o
Starbucks Coffee Orlando,ChatGPT-4o
PayPal Business Solutions,ChatGPT-4o
Uber Ride San Diego,ChatGPT-4o
RBC Bank Canada,ChatGPT-4o
Qdoba Eats Denver,ChatGPT-4o
Kroger USA Grocery,ChatGPT-4o
Chick-fil-A New York Store,ChatGPT-4o
Sunoco Station Atlanta,ChatGPT-4o
Amazon Canada Video,ChatGPT-4o
Netflix Subscription Toronto,ChatGPT-4o
TD Bank International,ChatGPT-4o
Burger King Store Los Angeles,ChatGPT-4o
Uber Ride Calgary,ChatGPT-4o
Spotify Family Plan Canada,ChatGPT-4o
CIBC Banking Services,ChatGPT-4o
Safeway International Grocery,ChatGPT-4o
Panera Bread Store Washington,ChatGPT-4o
Texaco Station Boston,ChatGPT-4o
eBay Gifts & Gadgets USA,ChatGPT-4o
Landmark Theatres Edmonton,ChatGPT-4o
Tim Hortons Ottawa Store,ChatGPT-4o
Venmo Business Account,ChatGPT-4o
Uber Ride NYC,ChatGPT-4o
HSBC Banking USA,ChatGPT-4o
Olive Garden Vancouver,ChatGPT-4o
Loblaws Store Toronto,ChatGPT-4o
Papa John's US Store,ChatGPT-4o
Chevron Gas Station Miami,ChatGPT-4o
Amazon Home Goods Canada,ChatGPT-4o
Cinemark USA Theatres,ChatGPT-4o
Peet's Coffee Florida Store,ChatGPT-4o
Stripe Business Solutions,ChatGPT-4o
Lyft Ride Calgary,ChatGPT-4o
Wells Fargo International,ChatGPT-4o
Red Lobster Toronto,ChatGPT-4o
Costco US Membership,ChatGPT-4o
KFC Store Ottawa,ChatGPT-4o
Exxon Station Toronto,ChatGPT-4o
Amazon Canada Services,ChatGPT-4o
Cineplex Calgary Cinemas,ChatGPT-4o
Starbucks Coffee Canada,ChatGPT-4o
PayPal Services USA,ChatGPT-4o
Uber Ride Washington,ChatGPT-4o
National Bank of Canada,ChatGPT-4o
Panda Express Toronto,ChatGPT-4o
Trader Joe's International,ChatGPT-4o
Wendy's Store San Francisco,ChatGPT-4o
BP Station Calgary,ChatGPT-4o
eBay Canada Marketplace,ChatGPT-4o
AMC Theatres Canada,ChatGPT-4o
Dunkin' Donuts US Store,ChatGPT-4o
Square Global Services,ChatGPT-4o
Lyft Ride Orlando,ChatGPT-4o
Bank of America International,ChatGPT-4o
Chili's Grill Canada,ChatGPT-4o
Whole Foods International,ChatGPT-4o
Chick-fil-A Store Vancouver,ChatGPT-4o
Sunoco Gas Station Chicago,ChatGPT-4o
Amazon US Streaming,ChatGPT-4o
Netflix Canada Services,ChatGPT-4o
TD Online Bank,ChatGPT-4o
Krispy Kreme US Store,ChatGPT-4o
Uber Ride Denver,ChatGPT-4o
Spotify Premium Canada,ChatGPT-4o
RBC Banking Canada,ChatGPT-4o
Aldi International Market,ChatGPT-4o
Panera Bread Store NYC,ChatGPT-4o
Chevron Station Calgary,ChatGPT-4o
eBay US Clothing,ChatGPT-4o
Cineplex Ottawa Cinemas,ChatGPT-4o
Starbucks Canada Store,ChatGPT-4o
Stripe International Payments,ChatGPT-4o
Uber Ride Ottawa,ChatGPT-4o
HSBC Banking International,ChatGPT-4o
Olive Garden Canada,ChatGPT-4o
Lowe's USA Retail,ChatGPT-4o
Papa John's Store Texas,ChatGPT-4o
Texaco Station Florida,ChatGPT-4o
Amazon Canada Books,ChatGPT-4o
Cinemark International Theatres,ChatGPT-4o
Tim Hortons USA Store,ChatGPT-4o
Venmo International Payments,ChatGPT-4o
Lyft Ride Boston,ChatGPT-4o
Royal Bank International,ChatGPT-4o
IHOP Canada Restaurant,ChatGPT-4o
Target International Store,ChatGPT-4o
KFC Store Vancouver,ChatGPT-4o
ExxonMobil Station Florida,ChatGPT-4o
Amazon Canada Electronics,ChatGPT-4o
Netflix International Service,ChatGPT-4o
Chase Banking Global,ChatGPT-4o
Starbucks Store Seattle,ChatGPT-4o
Uber Ride USA,ChatGPT-4o
CIBC International Bank,ChatGPT-4o
Arby's USA Restaurant,ChatGPT-4o
Home Depot International,ChatGPT-4o
Burger King Store Miami,ChatGPT-4o
BP Station Vancouver,ChatGPT-4o
eBay US Accessories,ChatGPT-4o
Landmark Theatres Global,ChatGPT-4o
Dunkin' Donuts International Store,ChatGPT-4o
Square International Services,ChatGPT-4o
Lyft Ride USA,ChatGPT-4o
Bank of Montreal International,ChatGPT-4o
Panda Express Canada,ChatGPT-4o
